Workbook

Sheet Учебный план
A1: УТВЕРЖДАЮ
A2: ректор Финансового университета
A3: М. А. Эскиндаров " " 20 г
A4: УЧЕБНЫЙ ПЛАН
A5: Факультет
A6: направление подготовки: код и наименование направления подготовки, ОП "Наименование"
A9: Код и наименование блоков, содержательных модулей, дисциплин | C9: Департаменты, кафедры, партнеры | D9: Код компетенций | E9: По семестрам | H9: Текущий контроль | M9: Зачетные единицы | N9: Часов | S9: 1 курс. Распределение учебной работы студентов по семестрам и видам учебных занятий | AB9: 2 курс. Распределение учебной работы студентов по семестрам и видам учебных занятий | AK9: 3 курс. Распределение учебной работы студентов по семестрам и видам учебных занятий | AT9: 4 курс. Распределение учебной работы студентов по семестрам и видам учебных занятий
E10: Промежут аттестация | G10: Курсовая проект (работа) | N10: Всего | O10: В том числе
H11: РАР | I11: ДТЗ | J11: к/р | K11: Эссе | L11: проектная работа | O11: Аудиторных | P11: В том числе | S11: Зачетные единицы | T11: 1 семестр | X11: 2 семестр | AB11: Зачетные единицы | AC11: 3 семестр | AG11: 4 семестр | AK11: Зачетные единицы | AL11: 5 семестр | AP11: 6 семестр | AT11: Зачетные единицы | AU11: 7 семестр | AY11: 8 семестр
E12: Экзамен | F12: Зачет | M12: Всего | P12: Лекции | Q12: Семинары, практические занятия | R12: Самостоятельная работа | T12: Часов аудиторных занятий в неделю | U12: 17 недель | X12: Часов аудиторных занятий в неделю | Y12: 17 недель | AC12: Часов аудиторных занятий в неделю | AD12: 17 недель | AG12: Часов аудиторных занятий в неделю | AH12: 17 недель | AL12: Часов аудиторных занятий в неделю | AM12: 17 недель | AP12: Часов аудиторных занятий в неделю | AQ12: 17 недель | AU12: Часов аудиторных занятий в неделю | AV12: 17 недель | AY12: Часов аудиторных занятий в неделю
U13: Лекции | V13: Семинары, практические занятия | W13: Самостоятельная работа | Y13: Лекции | Z13: Семинары, практические занятия | AA13: Самостоятельная работа | AD13: Лекции | AE13: Семинары, практические занятия | AF13: Самостоятельная работа | AH13: Лекции | AI13: Семинары, практические занятия | AJ13: Самостоятельная работа | AM13: Лекции | AN13: Семинары, практические занятия | AO13: Самостоятельная работа | AQ13: Лекции | AR13: Семинары, практические занятия | AS13: Самостоятельная работа | AV13: Лекции | AW13: Семинары, практические занятия | AX13: Самостоятельная работа | AZ13: Лекции | BA13: Семинары, практические занятия | BB13: Самостоятельная работа
A14: Б.1. | B14: Блок 1. Дисциплины (модули) | M14: =M15+M40 -> 207 | N14: =N15+N40 -> 6732 | O14: =O15+O40 -> 2636 | P14: =P15+P40 -> 728 | Q14: =Q15+Q40 -> 1908 | R14: =R15+R40 -> 4096 | S14: =S15+S40 -> 61 | T14: =T15+T40 -> 32 | ... BB14: =BB15+BB40 -> 0
A15: Б.1.1. | B15: Обязательная часть | M15: =M16+M27+M34 -> 102 | N15: =N16+N27+N34 -> 3672 | O15: =O16+O27+O34 -> 1456 | P15: =P16+P27+P34 -> 358 | Q15: =Q16+Q27+Q34 -> 1098 | R15: =R16+R27+R34 -> 2216 | S15: =S16+S27+S34 -> 46 | T15: =T16+T27+T34 -> 25 | ... BB15: =BB16+BB27+BB34 -> 0
A16: Б.1.1.1. | B16: Общегуманитарный цикл | M16: =SUM(M17:M26) -> 38 | N16: =SUM(N17:N26) -> 1368 | O16: =SUM(O17:O26) -> 650 | P16: =SUM(P17:P26) -> 130 | Q16: =SUM(Q17:Q26) -> 520 | R16: =SUM(R17:R26) -> 718 | S16: =SUM(S17:S26) -> 17 | T16: =SUM(T17:T26) -> 17 | ... BB16: =SUM(BB17:BB26) -> 0
A17: Б.1.1.1.2. | B17: Финансовый университет:история и современность | C17: ДАД | D17: =VLOOKUP(B17,'Матрица компетенций'!$A$4:$C$66,3,FALSE) -> УК-1 | F17: 1 | M17: =N17/36 -> 1 | N17: =O17+R17 -> 36 | O17: =P17+Q17 -> 16 | P17: =U17+Y17+AD17+AH17+AM17+AQ17+AV17+AZ17 -> 12 | Q17: =V17+Z17+AE17+AI17+AN17+AR17+AW17+BA17 -> 4 | R17: =W17+AA17+AF17+AJ17+AO17+AS17+AX17+BB17 -> 20 | S17: 1 | T17: 1 | U17: 12 | V17: 4 | W17: 20
A18: Б.1.1.1.11. | B18: История России | C18: ДГН | D18: =VLOOKUP(B18,'Матрица компетенций'!$A$4:$C$66,3,FALSE) -> УК-1, УК-15 | E18: 1 | I18: 1 | M18: =N18/36 -> 4 | N18: =O18+R18 -> 144 | O18: =P18+Q18 -> 86 | P18: =U18+Y18+AD18+AH18+AM18+AQ18+AV18+AZ18 -> 34 | Q18: =V18+Z18+AE18+AI18+AN18+AR18+AW18+BA18 -> 52 | R18: =W18+AA18+AF18+AJ18+AO18+AS18+AX18+BB18 -> 58 | S18: 4 | T18: 5 | U18: 34 | V18: 52 | W18: 58
A19: Б.1.1.1.1. | B19: Безопасность жизнедеятельности | C19: КБЖД | D19: =VLOOKUP(B19,'Матрица компетенций'!$A$4:$C$66,3,FALSE) -> УК-7 | F19: 1 | J19: 1 | M19: =N19/36 -> 2 | N19: =O19+R19 -> 72 | O19: =P19+Q19 -> 34 | P19: =U19+Y19+AD19+AH19+AM19+AQ19+AV19+AZ19 -> 16 | Q19: =V19+Z19+AE19+AI19+AN19+AR19+AW19+BA19 -> 18 | R19: =W19+AA19+AF19+AJ19+AO19+AS19+AX19+BB19 -> 38 | S19: 2 | T19: 2 | U19: 16 | V19: 18 | W19: 38
A20: Б.1.1.1.4. | B20: Физическая культура и спорт | C20: КФВ | D20: =VLOOKUP(B20,'Матрица компетенций'!$A$4:$C$66,3,FALSE) -> УК-6 | F20: 1 | M20: 2 | N20: =O20+R20 -> 72 | O20: =P20+Q20 -> 72 | P20: =U20+Y20+AD20+AH20+AM20+AQ20+AV20+AZ20 -> 2 | Q20: =V20+Z20+AE20+AI20+AN20+AR20+AW20+BA20 -> 70 | R20: =W20+AA20+AF20+AJ20+AO20+AS20+AX20+BB20 -> 0 | S20: 2 | T20: 4 | U20: 2 | V20: 70
A21: Б.1.1.1.3. | B21: Иностранный язык | C21: ДАЯиПК | D21: =VLOOKUP(B21,'Матрица компетенций'!$A$4:$C$66,3,FALSE) -> УК-3 | E21: 4 | F21: 1-3 | J21: 2,4 | M21: =N21/36 -> 9 | N21: =O21+R21 -> 324 | O21: =P21+Q21 -> 188 | P21: =U21+Y21+AD21+AH21+AM21+AQ21+AV21+AZ21 -> 0 | Q21: =V21+Z21+AE21+AI21+AN21+AR21+AW21+BA21 -> 188 | R21: =W21+AA21+AF21+AJ21+AO21+AS21+AX21+BB21 -> 136 | S21: 4 | T21: 3 | V21: 52 | W21: 36 | X21: 2 | Z21: 34 | AA21: 22 | AB21: 5 | AC21: 2 | AE21: 34 | AF21: 38 | AG21: 4 | AI21: 68 | AJ21: 40
B22: Иностранный язык в профессиональной сфере | C22: ДАЯиПК | D22: =VLOOKUP(B22,'Матрица компетенций'!$A$4:$C$66,3,FALSE) -> УК-2, УК-3 | E22: 6 | F22: 5 | J22: 6,5 | M22: =N22/36 -> 5 | N22: =O22+R22 -> 180 | O22: =P22+Q22 -> 68 | P22: =U22+Y22+AD22+AH22+AM22+AQ22+AV22+AZ22 -> 0 | Q22: =V22+Z22+AE22+AI22+AN22+AR22+AW22+BA22 -> 68 | R22: =W22+AA22+AF22+AJ22+AO22+AS22+AX22+BB22 -> 112 | AK22: 5 | AL22: 2 | AN22: 34 | AO22: 38 | AP22: 2 | AR22: 34 | AS22: 74
A23: Б.1.1.1.5. | B23: Философия | C23: ДГН | D23: =VLOOKUP(B23,'Матрица компетенций'!$A$4:$C$66,3,FALSE) -> УК-1, УК-9 | E23: 5 | K23: 5 | M23: =N23/36 -> 4 | N23: =O23+R23 -> 144 | O23: =P23+Q23 -> 68 | P23: =U23+Y23+AD23+AH23+AM23+AQ23+AV23+AZ23 -> 34 | Q23: =V23+Z23+AE23+AI23+AN23+AR23+AW23+BA23 -> 34 | R23: =W23+AA23+AF23+AJ23+AO23+AS23+AX23+BB23 -> 76 | AK23: 4 | AL23: 4 | AM23: 34 | AN23: 34 | AO23: 76
A24: Б.1.1.1.9. | B24: Информационное право | C24: ДМиПП | D24: =VLOOKUP(B24,'Матрица компетенций'!$A$4:$C$66,3,FALSE) -> УК-5, УК-14 | E24: 5 | J24: 5 | M24: =N24/36 -> 4 | N24: =O24+R24 -> 144 | O24: =P24+Q24 -> 50 | P24: =U24+Y24+AD24+AH24+AM24+AQ24+AV24+AZ24 -> 16 | Q24: =V24+Z24+AE24+AI24+AN24+AR24+AW24+BA24 -> 34 | R24: =W24+AA24+AF24+AJ24+AO24+AS24+AX24+BB24 -> 94 | AK24: 4 | AL24: 3 | AM24: 16 | AN24: 34 | AO24: 94
B25: Экономическая теория | C25: ДЭТ | D25: =VLOOKUP(B25,'Матрица компетенций'!$A$4:$C$66,3,FALSE) -> УК-13 | F25: 1 | J25: 1 | M25: =N25/36 -> 4 | N25: =O25+R25 -> 144 | O25: =P25+Q25 -> 34 | P25: =U25+Y25+AD25+AH25+AM25+AQ25+AV25+AZ25 -> 16 | Q25: =V25+Z25+AE25+AI25+AN25+AR25+AW25+BA25 -> 18 | R25: =W25+AA25+AF25+AJ25+AO25+AS25+AX25+BB25 -> 110 | S25: 4 | T25: 2 | U25: 16 | V25: 18 | W25: 110
B26: Основы деловой и публичной коммуникации | C26: ДИЯиМК | D26: =VLOOKUP(B26,'Матрица компетенций'!$A$4:$C$66,3,FALSE) -> УК-2, УК-3, УК-11 | F26: 7 | J26: 7 | M26: =N26/36 -> 3 | N26: =O26+R26 -> 108 | O26: =P26+Q26 -> 34 | P26: =U26+Y26+AD26+AH26+AM26+AQ26+AV26+AZ26 -> 0 | Q26: =V26+Z26+AE26+AI26+AN26+AR26+AW26+BA26 -> 34 | R26: =W26+AA26+AF26+AJ26+AO26+AS26+AX26+BB26 -> 74 | AT26: 3 | AU26: 2 | AW26: 34 | AX26: 74
A27: Б.1.1.2. | B27: Цикл математики и информатики | M27: =SUM(M28:M33) -> 28 | N27: =SUM(N28:N33) -> 1008 | O27: =SUM(O28:O33) -> 356 | P27: =SUM(P28:P33) -> 116 | Q27: =SUM(Q28:Q33) -> 240 | R27: =SUM(R28:R33) -> 652 | S27: =SUM(S28:S33) -> 13 | T27: =SUM(T28:T33) -> 4 | ... BB27: =SUM(BB28:BB33) -> 0
A28: Б.1.1.3.7. | B28: Введение в специальность | C28: ДАД | D28: =VLOOKUP(B28,'Матрица компетенций'!$A$4:$C$66,3,FALSE) -> УК-8, ПКН-3, ПКН-6 | F28: 1 | M28: =N28/36 -> 1 | N28: =O28+R28 -> 36 | O28: =P28+Q28 -> 6 | P28: =U28+Y28+AD28+AH28+AM28+AQ28+AV28+AZ28 -> 4 | Q28: =V28+Z28+AE28+AI28+AN28+AR28+AW28+BA28 -> 2 | R28: =W28+AA28+AF28+AJ28+AO28+AS28+AX28+BB28 -> 30 | S28: 1 | T28: 1 | U28: 4 | V28: 2 | W28: 30
A29: Б.1.1.2.3. | B29: Теория вероятностей и математическая статистика | C29: ДАД | D29: =VLOOKUP(B29,'Матрица компетенций'!$A$4:$C$66,3,FALSE) -> ПКН-1, ПКН-2 | E29: 3 | F29: 2 | J29: 3,2 | M29: =N29/36 -> 9 | N29: =O29+R29 -> 324 | O29: =P29+Q29 -> 100 | P29: =U29+Y29+AD29+AH29+AM29+AQ29+AV29+AZ29 -> 32 | Q29: =V29+Z29+AE29+AI29+AN29+AR29+AW29+BA29 -> 68 | R29: =W29+AA29+AF29+AJ29+AO29+AS29+AX29+BB29 -> 224 | S29: 4 | X29: 3 | Y29: 16 | Z29: 34 | AA29: 94 | AB29: 5 | AC29: 3 | AD29: 16 | AE29: 34 | AF29: 130
B30: Финансовая математика и ее приложения | C30: ДАД | D30: =VLOOKUP(B30,'Матрица компетенций'!$A$4:$C$66,3,FALSE) -> УК-12 | F30: 3 | J30: 3 | M30: =N30/36 -> 4 | N30: =O30+R30 -> 144 | O30: =P30+Q30 -> 50 | P30: =U30+Y30+AD30+AH30+AM30+AQ30+AV30+AZ30 -> 16 | Q30: =V30+Z30+AE30+AI30+AN30+AR30+AW30+BA30 -> 34 | R30: =W30+AA30+AF30+AJ30+AO30+AS30+AX30+BB30 -> 94 | AB30: 4 | AC30: 3 | AD30: 16 | AE30: 34 | AF30: 94
B31: Обработка данных и моделирование в табличном редакторе | C31: ДАД | D31: =VLOOKUP(B31,'Матрица компетенций'!$A$4:$C$66,3,FALSE) -> УК-4 | F31: 4 | J31: 4 | M31: =N31/36 -> 3 | N31: =O31+R31 -> 108 | O31: =P31+Q31 -> 50 | P31: =U31+Y31+AD31+AH31+AM31+AQ31+AV31+AZ31 -> 16 | Q31: =V31+Z31+AE31+AI31+AN31+AR31+AW31+BA31 -> 34 | R31: =W31+AA31+AF31+AJ31+AO31+AS31+AX31+BB31 -> 58 | AB31: 3 | AG31: 3 | AH31: 16 | AI31: 34 | AJ31: 58
B32: Математические модели микро- и макроэкономики | C32: ДМ | D32: =VLOOKUP(B32,'Матрица компетенций'!$A$4:$C$66,3,FALSE) -> УК-13, ПКН-1 | F32: 4 | J32: 4 | M32: =N32/36 -> 3 | N32: =O32+R32 -> 108 | O32: =P32+Q32 -> 50 | P32: =U32+Y32+AD32+AH32+AM32+AQ32+AV32+AZ32 -> 16 | Q32: =V32+Z32+AE32+AI32+AN32+AR32+AW32+BA32 -> 34 | R32: =W32+AA32+AF32+AJ32+AO32+AS32+AX32+BB32 -> 58 | AB32: 3 | AG32: 3 | AH32: 16 | AI32: 34 | AJ32: 58
A33: Б.1.1.2.1. | B33: Дискретная математика | C33: ДАД | D33: =VLOOKUP(B33,'Матрица компетенций'!$A$4:$C$66,3,FALSE) -> ПКН-1 | E33: 2 | F33: 1 | J33: 1,2 | M33: =N33/36 -> 8 | N33: =O33+R33 -> 288 | O33: =P33+Q33 -> 100 | P33: =U33+Y33+AD33+AH33+AM33+AQ33+AV33+AZ33 -> 32 | Q33: =V33+Z33+AE33+AI33+AN33+AR33+AW33+BA33 -> 68 | R33: =W33+AA33+AF33+AJ33+AO33+AS33+AX33+BB33 -> 188 | S33: 8 | T33: 3 | U33: 16 | V33: 34 | W33: 94 | X33: 3 | Y33: 16 | Z33: 34 | AA33: 94
A34: Б.1.1.3. | B34: Общепрофессиональный цикл | M34: =SUM(M35:M39) -> 36 | N34: =SUM(N35:N39) -> 1296 | O34: =SUM(O35:O39) -> 450 | P34: =SUM(P35:P39) -> 112 | Q34: =SUM(Q35:Q39) -> 338 | R34: =SUM(R35:R39) -> 846 | S34: =SUM(S35:S39) -> 16 | T34: =SUM(T35:T39) -> 4 | ... BB34: =SUM(BB35:BB39) -> 0
B35: Алгоритмы и структуры данных в языке Python* | C35: ДАД | D35: =VLOOKUP(B35,'Матрица компетенций'!$A$4:$C$66,3,FALSE) -> ПКН-2, ПКН-4 | E35: 1-2 | J35: 1,2 | M35: =N35/36 -> 8 | N35: =O35+R35 -> 288 | O35: =P35+Q35 -> 100 | P35: =U35+Y35+AD35+AH35+AM35+AQ35+AV35+AZ35 -> 32 | Q35: =V35+Z35+AE35+AI35+AN35+AR35+AW35+BA35 -> 68 | R35: =W35+AA35+AF35+AJ35+AO35+AS35+AX35+BB35 -> 188 | S35: 8 | T35: 3 | U35: 16 | V35: 34 | W35: 94 | X35: 3 | Y35: 16 | Z35: 34 | AA35: 94
B36: Практикум по программированию | C36: ДАД | D36: =VLOOKUP(B36,'Матрица компетенций'!$A$4:$C$66,3,FALSE) -> УК-10, ПКН-4 | F36: 1-4 | L36: 1-4 | M36: =N36/36 -> 8 | N36: =O36+R36 -> 288 | O36: =P36+Q36 -> 64 | P36: =U36+Y36+AD36+AH36+AM36+AQ36+AV36+AZ36 -> 0 | Q36: =V36+Z36+AE36+AI36+AN36+AR36+AW36+BA36 -> 64 | R36: =W36+AA36+AF36+AJ36+AO36+AS36+AX36+BB36 -> 224 | S36: 4 | T36: 1 | V36: 16 | W36: 56 | X36: 1 | Z36: 16 | AA36: 56 | AB36: 4 | AC36: 1 | AE36: 16 | AF36: 56 | AG36: 1 | AI36: 16 | AJ36: 56
A37: Б.1.2.2.4. | B37: Технологии обработки данных | C37: ДАД | D37: =VLOOKUP(B37,'Матрица компетенций'!$A$4:$C$66,3,FALSE) -> ПКН-2 | F37: 2 | J37: 2 | M37: =N37/36 -> 4 | N37: =O37+R37 -> 144 | O37: =P37+Q37 -> 50 | P37: =U37+Y37+AD37+AH37+AM37+AQ37+AV37+AZ37 -> 16 | Q37: =V37+Z37+AE37+AI37+AN37+AR37+AW37+BA37 -> 34 | R37: =W37+AA37+AF37+AJ37+AO37+AS37+AX37+BB37 -> 94 | S37: 4 | X37: 3 | Y37: 16 | Z37: 34 | AA37: 94
A38: Б.1.1.3.2. | B38: Системы управления базами данных* | C38: ДАД | D38: =VLOOKUP(B38,'Матрица компетенций'!$A$4:$C$66,3,FALSE) -> ПКН-4, ПКН-5 | E38: 4 | F38: 3 | J38: 3,4 | M38: =N38/36 -> 8 | N38: =O38+R38 -> 288 | O38: =P38+Q38 -> 136 | P38: =U38+Y38+AD38+AH38+AM38+AQ38+AV38+AZ38 -> 32 | Q38: =V38+Z38+AE38+AI38+AN38+AR38+AW38+BA38 -> 104 | R38: =W38+AA38+AF38+AJ38+AO38+AS38+AX38+BB38 -> 152 | AB38: 8 | AC38: 4 | AD38: 16 | AE38: 52 | AF38: 76 | AG38: 4 | AH38: 16 | AI38: 52 | AJ38: 76
A39: Б.1.1.3.3. | B39: Машинное обучение | C39: ДАД | D39: =VLOOKUP(B39,'Матрица компетенций'!$A$4:$C$66,3,FALSE) -> ПКН-2 | E39: 4 | F39: 3 | G39: 4 | J39: 3 | M39: =N39/36 -> 8 | N39: =O39+R39 -> 288 | O39: =P39+Q39 -> 100 | P39: =U39+Y39+AD39+AH39+AM39+AQ39+AV39+AZ39 -> 32 | Q39: =V39+Z39+AE39+AI39+AN39+AR39+AW39+BA39 -> 68 | R39: =W39+AA39+AF39+AJ39+AO39+AS39+AX39+BB39 -> 188 | AB39: 8 | AC39: 3 | AD39: 16 | AE39: 34 | AF39: 94 | AG39: 3 | AH39: 16 | AI39: 34 | AJ39: 94
A40: Б.1.2. | B40: Часть, формируемая участниками образовательных отношений | M40: =M41+M51 -> 105 | N40: =N41+N51 -> 3060 | O40: =O41+O51 -> 1180 | P40: =P41+P51 -> 370 | Q40: =Q41+Q51 -> 810 | R40: =R41+R51 -> 1880 | S40: =S41+S51 -> 15 | T40: =T41+T51 -> 7 | ... BB40: =BB41+BB51 -> 0
A41: Б.1.2.1. | B41: Общефакультетский (предпрофильный) цикл | M41: =SUM(M42:M50) -> 45 | N41: =SUM(N42:N46) -> 900 | O41: =SUM(O42:O46) -> 338 | P41: =SUM(P42:P46) -> 114 | Q41: =SUM(Q42:Q46) -> 224 | R41: =SUM(R42:R46) -> 562 | S41: =SUM(S42:S46) -> 15 | T41: =SUM(T42:T46) -> 7 | U41: =SUM(U42:U46) -> 32 | ... BB41: =SUM(BB42:BB46) -> 0
A42: Б.1.1.3.9. | B42: Алгебра и геометрия | C42: ДАД | D42: =VLOOKUP(B42,'Матрица компетенций'!$A$4:$C$66,3,FALSE) -> ПКН-2 | E42: 1 | J42: 1 | M42: =N42/36 -> 5 | N42: =O42+R42 -> 180 | O42: =P42+Q42 -> 68 | P42: =U42+Y42+AD42+AH42+AM42+AQ42+AV42+AZ42 -> 16 | Q42: =V42+Z42+AE42+AI42+AN42+AR42+AW42+BA42 -> 52 | R42: =W42+AA42+AF42+AJ42+AO42+AS42+AX42+BB42 -> 112 | S42: 5 | T42: 4 | U42: 16 | V42: 52 | W42: 112
A43: Б.1.2.1.1. | B43: Математический анализ | C43: ДАД | D43: =VLOOKUP(B43,'Матрица компетенций'!$A$4:$C$66,3,FALSE) -> ПКН-2 | E43: 2 | F43: 1 | J43: 1,2 | M43: =N43/36 -> 9 | N43: =O43+R43 -> 324 | O43: =P43+Q43 -> 136 | P43: =U43+Y43+AD43+AH43+AM43+AQ43+AV43+AZ43 -> 50 | Q43: =V43+Z43+AE43+AI43+AN43+AR43+AW43+BA43 -> 86 | R43: =W43+AA43+AF43+AJ43+AO43+AS43+AX43+BB43 -> 188 | S43: 10 | T43: 3 | U43: 16 | V43: 34 | W43: 94 | X43: 5 | Y43: 34 | Z43: 52 | AA43: 94
A44: Б.1.1.3.10. | B44: Дифференциальные уравнения | C44: ДАД | D44: =VLOOKUP(B44,'Матрица компетенций'!$A$4:$C$66,3,FALSE) -> ПКН-1 | F44: 3 | J44: 3 | M44: =N44/36 -> 4 | N44: =O44+R44 -> 144 | O44: =P44+Q44 -> 50 | P44: =U44+Y44+AD44+AH44+AM44+AQ44+AV44+AZ44 -> 16 | Q44: =V44+Z44+AE44+AI44+AN44+AR44+AW44+BA44 -> 34 | R44: =W44+AA44+AF44+AJ44+AO44+AS44+AX44+BB44 -> 94 | AB44: 4 | AC44: 3 | AD44: 16 | AE44: 34 | AF44: 94
A45: Б.1.2.1.4. | B45: Функциональный анализ | C45: ДАД | D45: =VLOOKUP(B45,'Матрица компетенций'!$A$4:$C$66,3,FALSE) -> ПКН-1 | F45: 6 | J45: 6 | M45: =N45/36 -> 3 | N45: =O45+R45 -> 108 | O45: =P45+Q45 -> 34 | P45: =U45+Y45+AD45+AH45+AM45+AQ45+AV45+AZ45 -> 16 | Q45: =V45+Z45+AE45+AI45+AN45+AR45+AW45+BA45 -> 18 | R45: =W45+AA45+AF45+AJ45+AO45+AS45+AX45+BB45 -> 74 | AP45: 2 | AQ45: 16 | AR45: 18 | AS45: 74
A46: Б.1.2.1.5. | B46: Численные методы | C46: ДАД | D46: =VLOOKUP(B46,'Матрица компетенций'!$A$4:$C$66,3,FALSE) -> ПКН-1 | F46: 4 | J46: 4 | M46: =N46/36 -> 4 | N46: =O46+R46 -> 144 | O46: =P46+Q46 -> 50 | P46: =U46+Y46+AD46+AH46+AM46+AQ46+AV46+AZ46 -> 16 | Q46: =V46+Z46+AE46+AI46+AN46+AR46+AW46+BA46 -> 34 | R46: =W46+AA46+AF46+AJ46+AO46+AS46+AX46+BB46 -> 94 | AB46: 4 | AG46: 3 | AH46: 16 | AI46: 34 | AJ46: 94
B47: Математическое и имитационное моделирование | C47: ДАД | D47: =VLOOKUP(B47,'Матрица компетенций'!$A$4:$C$66,3,FALSE) -> ПКН-2 | E47: 6 | J47: 6 | M47: =N47/36 -> 4 | N47: =O47+R47 -> 144 | O47: =P47+Q47 -> 50 | P47: =U47+Y47+AD47+AH47+AM47+AQ47+AV47+AZ47 -> 16 | Q47: =V47+Z47+AE47+AI47+AN47+AR47+AW47+BA47 -> 34 | R47: =W47+AA47+AF47+AJ47+AO47+AS47+AX47+BB47 -> 94 | AK47: 4 | AP47: 3 | AQ47: 16 | AR47: 34 | AS47: 94
B48: Эконометрика | C48: ДАД | D48: =VLOOKUP(B48,'Матрица компетенций'!$A$4:$C$66,3,FALSE) -> ПКН-1 | E48: 4 | F48: 3 | J48: 3,4 | M48: =N48/36 -> 7 | N48: =O48+R48 -> 252 | O48: =P48+Q48 -> 100 | P48: =U48+Y48+AD48+AH48+AM48+AQ48+AV48+AZ48 -> 32 | Q48: =V48+Z48+AE48+AI48+AN48+AR48+AW48+BA48 -> 68 | R48: =W48+AA48+AF48+AJ48+AO48+AS48+AX48+BB48 -> 152 | AB48: 4 | AC48: 3 | AD48: 16 | AE48: 34 | AF48: 58 | AG48: 3 | AH48: 16 | AI48: 34 | AJ48: 94
B49: Современные банковские продукты и услуги | C49: ДБДиМР | D49: =VLOOKUP(B49,'Матрица компетенций'!$A$4:$C$66,3,FALSE) -> ПКН-6 | F49: 4 | J49: 4 | M49: =N49/36 -> 4 | N49: =O49+R49 -> 144 | O49: =P49+Q49 -> 50 | P49: =U49+Y49+AD49+AH49+AM49+AQ49+AV49+AZ49 -> 16 | Q49: =V49+Z49+AE49+AI49+AN49+AR49+AW49+BA49 -> 34 | R49: =W49+AA49+AF49+AJ49+AO49+AS49+AX49+BB49 -> 94 | AB49: 3 | AG49: 3 | AH49: 16 | AI49: 34 | AJ49: 94
B50: Технологии обработки больших данных | C50: ДАД | D50: =VLOOKUP(B50,'Матрица компетенций'!$A$4:$C$66,3,FALSE) -> ПКН-4 | E50: 5 | L50: 5 | M50: =N50/36 -> 5 | N50: =O50+R50 -> 180 | O50: =P50+Q50 -> 68 | P50: =U50+Y50+AD50+AH50+AM50+AQ50+AV50+AZ50 -> 16 | Q50: =V50+Z50+AE50+AI50+AN50+AR50+AW50+BA50 -> 52 | R50: =W50+AA50+AF50+AJ50+AO50+AS50+AX50+BB50 -> 112 | AK50: 5 | AL50: 4 | AM50: 16 | AN50: 52 | AO50: 112
A51: Б.1.2.2. | B51: Профиль и цикл профиля (элективный) | M51: =M52+M63 -> 60 | N51: =N52+N63 -> 2160 | O51: =O52+O63 -> 842 | P51: =P52+P63 -> 256 | Q51: =Q52+Q63 -> 586 | R51: =R52+R63 -> 1318 | S51: =S52+S63 -> 0 | T51: =T52+T63 -> 0 | ... BB51: =BB52+BB63 -> 0
A52: Б.1.2.2. | B52: Профиль "Прикладное машинное обучение" | M52: =SUM(M53:M62) -> 42 | N52: =SUM(N53:N62) -> 1512 | O52: =SUM(O53:O62) -> 590 | P52: =SUM(P53:P62) -> 160 | Q52: =SUM(Q53:Q62) -> 430 | R52: =SUM(R53:R62) -> 922 | S52: =SUM(S53:S62) -> 0 | T52: =SUM(T53:T62) -> 0 | ... BB52: =SUM(BB53:BB62) -> 0
A53: Б.1.2.1.3. | B53: Глубокое обучение | C53: ДАД | D53: =VLOOKUP(B53,'Матрица компетенций'!$A$4:$C$66,3,FALSE) -> ПКП-1, ПКП-5 | E53: 5 | J53: 5 | M53: =N53/36 -> 5 | N53: =O53+R53 -> 180 | O53: =P53+Q53 -> 68 | P53: =U53+Y53+AD53+AH53+AM53+AQ53+AV53+AZ53 -> 16 | Q53: =V53+Z53+AE53+AI53+AN53+AR53+AW53+BA53 -> 52 | R53: =W53+AA53+AF53+AJ53+AO53+AS53+AX53+BB53 -> 112 | AK53: 5 | AL53: 4 | AM53: 16 | AN53: 52 | AO53: 112
A54: Б.1.2.2.1. | B54: Обработка текстов на естественных языках | C54: ДАД | D54: =VLOOKUP(B54,'Матрица компетенций'!$A$4:$C$66,3,FALSE) -> ПКП-1, ПКП-5 | E54: 6 | J54: 6 | M54: =N54/36 -> 4 | N54: =O54+R54 -> 144 | O54: =P54+Q54 -> 68 | P54: =U54+Y54+AD54+AH54+AM54+AQ54+AV54+AZ54 -> 16 | Q54: =V54+Z54+AE54+AI54+AN54+AR54+AW54+BA54 -> 52 | R54: =W54+AA54+AF54+AJ54+AO54+AS54+AX54+BB54 -> 76 | AK54: 4 | AP54: 4 | AQ54: 16 | AR54: 52 | AS54: 76
A55: Б.1.2.2.7. | B55: Рекомендательные системы и коллаборативная фильтрация | C55: ДАД | D55: =VLOOKUP(B55,'Матрица компетенций'!$A$4:$C$66,3,FALSE) -> ПКП-2 | E55: 6 | L55: 6 | M55: =N55/36 -> 4 | N55: =O55+R55 -> 144 | O55: =P55+Q55 -> 50 | P55: =U55+Y55+AD55+AH55+AM55+AQ55+AV55+AZ55 -> 16 | Q55: =V55+Z55+AE55+AI55+AN55+AR55+AW55+BA55 -> 34 | R55: =W55+AA55+AF55+AJ55+AO55+AS55+AX55+BB55 -> 94 | AK55: 4 | AP55: 3 | AQ55: 16 | AR55: 34 | AS55: 94
A56: Б.1.2.2.8. | B56: Семантические технологии | C56: ДАД | D56: =VLOOKUP(B56,'Матрица компетенций'!$A$4:$C$66,3,FALSE) -> ПКП-3 | E56: 7 | J56: 7 | M56: =N56/36 -> 4 | N56: =O56+R56 -> 144 | O56: =P56+Q56 -> 50 | P56: =U56+Y56+AD56+AH56+AM56+AQ56+AV56+AZ56 -> 16 | Q56: =V56+Z56+AE56+AI56+AN56+AR56+AW56+BA56 -> 34 | R56: =W56+AA56+AF56+AJ56+AO56+AS56+AX56+BB56 -> 94 | AT56: 4 | AU56: 3 | AV56: 16 | AW56: 34 | AX56: 94
A57: Б.1.2.2.5. | B57: Прикладные задачи машинного обучения | C57: ДАД | D57: =VLOOKUP(B57,'Матрица компетенций'!$A$4:$C$66,3,FALSE) -> ПКП-1, ПКП-6 | E57: 7 | L57: 7 | M57: =N57/36 -> 4 | N57: =O57+R57 -> 144 | O57: =P57+Q57 -> 50 | P57: =U57+Y57+AD57+AH57+AM57+AQ57+AV57+AZ57 -> 16 | Q57: =V57+Z57+AE57+AI57+AN57+AR57+AW57+BA57 -> 34 | R57: =W57+AA57+AF57+AJ57+AO57+AS57+AX57+BB57 -> 94 | AT57: 4 | AU57: 3 | AV57: 16 | AW57: 34 | AX57: 94
A58: Б.1.2.2.3. | B58: Машинное зрение | C58: ДАД | D58: =VLOOKUP(B58,'Матрица компетенций'!$A$4:$C$66,3,FALSE) -> ПКП-1 | E58: 6 | J58: 6 | M58: =N58/36 -> 4 | N58: =O58+R58 -> 144 | O58: =P58+Q58 -> 50 | P58: =U58+Y58+AD58+AH58+AM58+AQ58+AV58+AZ58 -> 16 | Q58: =V58+Z58+AE58+AI58+AN58+AR58+AW58+BA58 -> 34 | R58: =W58+AA58+AF58+AJ58+AO58+AS58+AX58+BB58 -> 94 | AK58: 4 | AP58: 3 | AQ58: 16 | AR58: 34 | AS58: 94
A59: Б.1.2.2.2. | B59: Машинное обучение в семантическом и сетевом анализе | C59: ДАД | D59: =VLOOKUP(B59,'Матрица компетенций'!$A$4:$C$66,3,FALSE) -> ПКП-2 | F59: 6 | G59: 6 | M59: =N59/36 -> 4 | N59: =O59+R59 -> 144 | O59: =P59+Q59 -> 50 | P59: =U59+Y59+AD59+AH59+AM59+AQ59+AV59+AZ59 -> 16 | Q59: =V59+Z59+AE59+AI59+AN59+AR59+AW59+BA59 -> 34 | R59: =W59+AA59+AF59+AJ59+AO59+AS59+AX59+BB59 -> 94 | AK59: 4 | AP59: 3 | AQ59: 16 | AR59: 34 | AS59: 94
B60: Методы оптимизации | C60: ДАД | D60: =VLOOKUP(B60,'Матрица компетенций'!$A$4:$C$66,3,FALSE) -> ПКП-4 | F60: 5 | J60: 5 | M60: =N60/36 -> 4 | N60: =O60+R60 -> 144 | O60: =P60+Q60 -> 68 | P60: =U60+Y60+AD60+AH60+AM60+AQ60+AV60+AZ60 -> 16 | Q60: =V60+Z60+AE60+AI60+AN60+AR60+AW60+BA60 -> 52 | R60: =W60+AA60+AF60+AJ60+AO60+AS60+AX60+BB60 -> 76 | AK60: 4 | AL60: 4 | AM60: 16 | AN60: 52 | AO60: 76
B61: Электронные деньги | C61: ДБДиМР | D61: =VLOOKUP(B61,'Матрица компетенций'!$A$4:$C$66,3,FALSE) -> ПКП-2 | F61: 7 | J61: 7 | M61: =N61/36 -> 5 | N61: =O61+R61 -> 180 | O61: =P61+Q61 -> 68 | P61: =U61+Y61+AD61+AH61+AM61+AQ61+AV61+AZ61 -> 16 | Q61: =V61+Z61+AE61+AI61+AN61+AR61+AW61+BA61 -> 52 | R61: =W61+AA61+AF61+AJ61+AO61+AS61+AX61+BB61 -> 112 | AT61: 5 | AU61: 4 | AV61: 16 | AW61: 52 | AX61: 112
A62: Б.1.2.2.6. | B62: Технологии работы с открытыми данными | C62: ДАД | D62: =VLOOKUP(B62,'Матрица компетенций'!$A$4:$C$66,3,FALSE) -> ПКП-1, ПКП-3 | F62: 7 | J62: 7 | M62: =N62/36 -> 4 | N62: =O62+R62 -> 144 | O62: =P62+Q62 -> 68 | P62: =U62+Y62+AD62+AH62+AM62+AQ62+AV62+AZ62 -> 16 | Q62: =V62+Z62+AE62+AI62+AN62+AR62+AW62+BA62 -> 52 | R62: =W62+AA62+AF62+AJ62+AO62+AS62+AX62+BB62 -> 76 | AT62: 4 | AU62: 4 | AV62: 16 | AW62: 52 | AX62: 76
A63: Б.1.2.2.3. | B63: Цикл профиля (элективный) (выбор 2 из 6) | M63: =(M64+M76) -> 18 | N63: =(N64+N76) -> 648 | O63: =(O64+O76) -> 252 | P63: =(P64+P76) -> 96 | Q63: =(Q64+Q76) -> 156 | R63: =(R64+R76) -> 396 | S63: =(S64+S76) -> 0 | T63: =(T64+T76) -> 0 | ... BB63: =(BB64+BB76) -> 0
A64: Б.1.2.2.3. | B64: Прикладное программирование | M64: =M65+M66+M67 -> 9 | N64: =N65+N66+N67 -> 324 | O64: =O65+O66+O67 -> 134 | P64: =P65+P66+P67 -> 48 | Q64: =Q65+Q66+Q67 -> 86 | R64: =R65+R66+R67 -> 190 | S64: =S65+S66+S67 -> 0 | T64: =T65+T66+T67 -> 0 | ... BB64: =BB65+BB66+BB67 -> 0
A65: Б.1.2.2.3.1. | B65: Основы веб-разработки | C65: ДАД | D65: =VLOOKUP(B65,'Матрица компетенций'!$A$4:$C$66,3,FALSE) -> ПКП-6 | F65: 6 | J65: 6 | M65: =N65/36 -> 3 | N65: =O65+R65 -> 108 | O65: =P65+Q65 -> 50 | P65: =U65+Y65+AD65+AH65+AM65+AQ65+AV65+AZ65 -> 16 | Q65: =V65+Z65+AE65+AI65+AN65+AR65+AW65+BA65 -> 34 | R65: =W65+AA65+AF65+AJ65+AO65+AS65+AX65+BB65 -> 58 | AK65: 3 | AP65: 3 | AQ65: 16 | AR65: 34 | AS65: 58
A66: Б.1.2.2.3.2. | B66: Объектно-ориентированное проектирование | C66: ДАД | D66: =VLOOKUP(B66,'Матрица компетенций'!$A$4:$C$66,3,FALSE) -> ПКП-6 | F66: 6 | J66: 6 | M66: =N66/36 -> 3 | N66: =O66+R66 -> 108 | O66: =P66+Q66 -> 34 | P66: =U66+Y66+AD66+AH66+AM66+AQ66+AV66+AZ66 -> 16 | Q66: =V66+Z66+AE66+AI66+AN66+AR66+AW66+BA66 -> 18 | R66: =W66+AA66+AF66+AJ66+AO66+AS66+AX66+BB66 -> 74 | AK66: 3 | AP66: 2 | AQ66: 16 | AR66: 18 | AS66: 74
A67: Б.1.2.2.3.3. | B67: Основы мобильной разработки | C67: ДАД | D67: =VLOOKUP(B67,'Матрица компетенций'!$A$4:$C$66,3,FALSE) -> ПКП-6 | E67: 7 | J67: 7 | M67: =N67/36 -> 3 | N67: =O67+R67 -> 108 | O67: =P67+Q67 -> 50 | P67: =U67+Y67+AD67+AH67+AM67+AQ67+AV67+AZ67 -> 16 | Q67: =V67+Z67+AE67+AI67+AN67+AR67+AW67+BA67 -> 34 | R67: =W67+AA67+AF67+AJ67+AO67+AS67+AX67+BB67 -> 58 | AT67: 3 | AU67: 3 | AV67: 16 | AW67: 34 | AX67: 58
A68: Б.1.2.2.3. | B68: ERP-системы | M68: =M69+M70+M71 -> 9 | N68: =N69+N70+N71 -> 324 | O68: =O69+O70+O71 -> 134 | P68: =P69+P70+P71 -> 48 | Q68: =Q69+Q70+Q71 -> 86 | R68: =R69+R70+R71 -> 190 | S68: =S69+S70+S71 -> 0 | T68: =T69+T70+T71 -> 0 | ... BB68: =BB69+BB70+BB71 -> 0
A69: Б.1.2.2.3.1. | B69: Основы корпоративных информационных систем | C69: ДАД | D69: =VLOOKUP(B69,'Матрица компетенций'!$A$4:$C$66,3,FALSE) -> ПКП-6 | F69: 6 | J69: 6 | M69: =N69/36 -> 3 | N69: =O69+R69 -> 108 | O69: =P69+Q69 -> 34 | P69: =U69+Y69+AD69+AH69+AM69+AQ69+AV69+AZ69 -> 16 | Q69: =V69+Z69+AE69+AI69+AN69+AR69+AW69+BA69 -> 18 | R69: =W69+AA69+AF69+AJ69+AO69+AS69+AX69+BB69 -> 74 | AK69: 3 | AP69: 2 | AQ69: 16 | AR69: 18 | AS69: 74
A70: Б.1.2.2.3.2. | B70: Основы бухгалтерских информационных систем | C70: ДАД | D70: =VLOOKUP(B70,'Матрица компетенций'!$A$4:$C$66,3,FALSE) -> ПКП-6 | F70: 6 | J70: 6 | M70: =N70/36 -> 3 | N70: =O70+R70 -> 108 | O70: =P70+Q70 -> 50 | P70: =U70+Y70+AD70+AH70+AM70+AQ70+AV70+AZ70 -> 16 | Q70: =V70+Z70+AE70+AI70+AN70+AR70+AW70+BA70 -> 34 | R70: =W70+AA70+AF70+AJ70+AO70+AS70+AX70+BB70 -> 58 | AK70: 3 | AP70: 3 | AQ70: 16 | AR70: 34 | AS70: 58
A71: Б.1.2.2.3.3. | B71: Разработка приложений в системе 1С Предприятие | C71: ДАД | D71: =VLOOKUP(B71,'Матрица компетенций'!$A$4:$C$66,3,FALSE) -> ПКП-6 | E71: 7 | J71: 7 | M71: =N71/36 -> 3 | N71: =O71+R71 -> 108 | O71: =P71+Q71 -> 50 | P71: =U71+Y71+AD71+AH71+AM71+AQ71+AV71+AZ71 -> 16 | Q71: =V71+Z71+AE71+AI71+AN71+AR71+AW71+BA71 -> 34 | R71: =W71+AA71+AF71+AJ71+AO71+AS71+AX71+BB71 -> 58 | AT71: 3 | AU71: 3 | AV71: 16 | AW71: 34 | AX71: 58
A72: Б.1.2.2.3. | B72: Системное программирование | M72: =M73+M74+M75 -> 9 | N72: =N73+N74+N75 -> 324 | O72: =O73+O74+O75 -> 134 | P72: =P73+P74+P75 -> 48 | Q72: =Q73+Q74+Q75 -> 86 | R72: =R73+R74+R75 -> 190 | S72: =S73+S74+S75 -> 0 | T72: =T73+T74+T75 -> 0 | ... BB72: =BB73+BB74+BB75 -> 0
A73: Б.1.2.2.3.1. | B73: Разработка эффективных вычислительных алгоритмов | C73: ДАД | D73: =VLOOKUP(B73,'Матрица компетенций'!$A$4:$C$66,3,FALSE) -> ПКП-6 | F73: 6 | J73: 6 | M73: =N73/36 -> 3 | N73: =O73+R73 -> 108 | O73: =P73+Q73 -> 50 | P73: =U73+Y73+AD73+AH73+AM73+AQ73+AV73+AZ73 -> 16 | Q73: =V73+Z73+AE73+AI73+AN73+AR73+AW73+BA73 -> 34 | R73: =W73+AA73+AF73+AJ73+AO73+AS73+AX73+BB73 -> 58 | AK73: 3 | AP73: 3 | AQ73: 16 | AR73: 34 | AS73: 58
A74: Б.1.2.2.3.2. | B74: Низкоуровневое программирование | C74: ДАД | D74: =VLOOKUP(B74,'Матрица компетенций'!$A$4:$C$66,3,FALSE) -> ПКП-6 | F74: 6 | J74: 6 | M74: =N74/36 -> 3 | N74: =O74+R74 -> 108 | O74: =P74+Q74 -> 34 | P74: =U74+Y74+AD74+AH74+AM74+AQ74+AV74+AZ74 -> 16 | Q74: =V74+Z74+AE74+AI74+AN74+AR74+AW74+BA74 -> 18 | R74: =W74+AA74+AF74+AJ74+AO74+AS74+AX74+BB74 -> 74 | AK74: 3 | AP74: 2 | AQ74: 16 | AR74: 18 | AS74: 74
A75: Б.1.2.2.3.3. | B75: Программирование для встраиваемых систем | C75: ДАД | D75: =VLOOKUP(B75,'Матрица компетенций'!$A$4:$C$66,3,FALSE) -> ПКП-6 | E75: 7 | J75: 7 | M75: =N75/36 -> 3 | N75: =O75+R75 -> 108 | O75: =P75+Q75 -> 50 | P75: =U75+Y75+AD75+AH75+AM75+AQ75+AV75+AZ75 -> 16 | Q75: =V75+Z75+AE75+AI75+AN75+AR75+AW75+BA75 -> 34 | R75: =W75+AA75+AF75+AJ75+AO75+AS75+AX75+BB75 -> 58 | AT75: 3 | AU75: 3 | AV75: 16 | AW75: 34 | AX75: 58
A76: Б.1.2.2.3. | B76: Архитектура программного обеспечения | M76: =M77+M78+M79 -> 9 | N76: =N77+N78+N79 -> 324 | O76: =O77+O78+O79 -> 118 | P76: =P77+P78+P79 -> 48 | Q76: =Q77+Q78+Q79 -> 70 | R76: =R77+R78+R79 -> 206 | S76: =S77+S78+S79 -> 0 | T76: =T77+T78+T79 -> 0 | ... BB76: =BB77+BB78+BB79 -> 0
A77: Б.1.2.2.3.1. | B77: Основы проектирования информационных систем | C77: ДАД | D77: =VLOOKUP(B77,'Матрица компетенций'!$A$4:$C$66,3,FALSE) -> ПКП-6 | F77: 6 | J77: 6 | M77: =N77/36 -> 3 | N77: =O77+R77 -> 108 | O77: =P77+Q77 -> 34 | P77: =U77+Y77+AD77+AH77+AM77+AQ77+AV77+AZ77 -> 16 | Q77: =V77+Z77+AE77+AI77+AN77+AR77+AW77+BA77 -> 18 | R77: =W77+AA77+AF77+AJ77+AO77+AS77+AX77+BB77 -> 74 | AK77: 3 | AP77: 2 | AQ77: 16 | AR77: 18 | AS77: 74
A78: Б.1.2.2.3.2. | B78: Архитектура и дизайн программного обеспечения | C78: ДАД | D78: =VLOOKUP(B78,'Матрица компетенций'!$A$4:$C$66,3,FALSE) -> ПКП-6 | F78: 7 | J78: 7 | M78: =N78/36 -> 3 | N78: =O78+R78 -> 108 | O78: =P78+Q78 -> 34 | P78: =U78+Y78+AD78+AH78+AM78+AQ78+AV78+AZ78 -> 16 | Q78: =V78+Z78+AE78+AI78+AN78+AR78+AW78+BA78 -> 18 | R78: =W78+AA78+AF78+AJ78+AO78+AS78+AX78+BB78 -> 74 | AT78: 3 | AU78: 2 | AV78: 16 | AW78: 18 | AX78: 74
A79: Б.1.2.2.3.3. | B79: Тестирование программного обеспечения | C79: ДАД | D79: =VLOOKUP(B79,'Матрица компетенций'!$A$4:$C$66,3,FALSE) -> ПКП-6 | E79: 7 | J79: 7 | M79: =N79/36 -> 3 | N79: =O79+R79 -> 108 | O79: =P79+Q79 -> 50 | P79: =U79+Y79+AD79+AH79+AM79+AQ79+AV79+AZ79 -> 16 | Q79: =V79+Z79+AE79+AI79+AN79+AR79+AW79+BA79 -> 34 | R79: =W79+AA79+AF79+AJ79+AO79+AS79+AX79+BB79 -> 58 | AT79: 3 | AU79: 3 | AV79: 16 | AW79: 34 | AX79: 58
A80: Б.1.2.2.3. | B80: Анализ данных | M80: =M81+M82+M83 -> 9 | N80: =N81+N82+N83 -> 324 | O80: =O81+O82+O83 -> 150 | P80: =P81+P82+P83 -> 48 | Q80: =Q81+Q82+Q83 -> 102 | R80: =R81+R82+R83 -> 174 | S80: =S81+S82+S83 -> 0 | T80: =T81+T82+T83 -> 0 | ... BB80: =BB81+BB82+BB83 -> 0
A81: Б.1.2.2.3.1. | B81: Методы визуализации данных | C81: ДАД | D81: =VLOOKUP(B81,'Матрица компетенций'!$A$4:$C$66,3,FALSE) -> ПКП-6 | F81: 6 | J81: 6 | M81: =N81/36 -> 3 | N81: =O81+R81 -> 108 | O81: =P81+Q81 -> 50 | P81: =U81+Y81+AD81+AH81+AM81+AQ81+AV81+AZ81 -> 16 | Q81: =V81+Z81+AE81+AI81+AN81+AR81+AW81+BA81 -> 34 | R81: =W81+AA81+AF81+AJ81+AO81+AS81+AX81+BB81 -> 58 | AK81: 3 | AP81: 3 | AQ81: 16 | AR81: 34 | AS81: 58
A82: Б.1.2.2.3.2. | B82: Основы численных методов | C82: ДАД | D82: =VLOOKUP(B82,'Матрица компетенций'!$A$4:$C$66,3,FALSE) -> ПКП-6 | F82: 7 | J82: 7 | M82: =N82/36 -> 3 | N82: =O82+R82 -> 108 | O82: =P82+Q82 -> 50 | P82: =U82+Y82+AD82+AH82+AM82+AQ82+AV82+AZ82 -> 16 | Q82: =V82+Z82+AE82+AI82+AN82+AR82+AW82+BA82 -> 34 | R82: =W82+AA82+AF82+AJ82+AO82+AS82+AX82+BB82 -> 58 | AT82: 3 | AU82: 3 | AV82: 16 | AW82: 34 | AX82: 58
A83: Б.1.2.2.3.3. | B83: Основы математического моделирования | C83: ДАД | D83: =VLOOKUP(B83,'Матрица компетенций'!$A$4:$C$66,3,FALSE) -> ПКП-6 | E83: 7 | J83: 7 | M83: =N83/36 -> 3 | N83: =O83+R83 -> 108 | O83: =P83+Q83 -> 50 | P83: =U83+Y83+AD83+AH83+AM83+AQ83+AV83+AZ83 -> 16 | Q83: =V83+Z83+AE83+AI83+AN83+AR83+AW83+BA83 -> 34 | R83: =W83+AA83+AF83+AJ83+AO83+AS83+AX83+BB83 -> 58 | AT83: 3 | AU83: 3 | AV83: 16 | AW83: 34 | AX83: 58
A84: Б.1.2.2.3. | B84: Разработка распределенных приложений | M84: =M85+M86+M87 -> 9 | N84: =N85+N86+N87 -> 324 | O84: =O85+O86+O87 -> 134 | P84: =P85+P86+P87 -> 48 | Q84: =Q85+Q86+Q87 -> 86 | R84: =R85+R86+R87 -> 190 | S84: =S85+S86+S87 -> 0 | T84: =T85+T86+T87 -> 0 | ... BB84: =BB85+BB86+BB87 -> 0
A85: Б.1.2.2.3.1. | B85: Технологии параллельного программирования | C85: ДАД | D85: =VLOOKUP(B85,'Матрица компетенций'!$A$4:$C$66,3,FALSE) -> ПКП-6 | F85: 6 | J85: 6 | M85: =N85/36 -> 3 | N85: =O85+R85 -> 108 | O85: =P85+Q85 -> 34 | P85: =U85+Y85+AD85+AH85+AM85+AQ85+AV85+AZ85 -> 16 | Q85: =V85+Z85+AE85+AI85+AN85+AR85+AW85+BA85 -> 18 | R85: =W85+AA85+AF85+AJ85+AO85+AS85+AX85+BB85 -> 74 | AK85: 3 | AP85: 2 | AQ85: 16 | AR85: 18 | AS85: 74
A86: Б.1.2.2.3.2. | B86: Основы технологии интернета вещей | C86: ДАД | D86: =VLOOKUP(B86,'Матрица компетенций'!$A$4:$C$66,3,FALSE) -> ПКП-6 | F86: 7 | J86: 7 | M86: =N86/36 -> 3 | N86: =O86+R86 -> 108 | O86: =P86+Q86 -> 50 | P86: =U86+Y86+AD86+AH86+AM86+AQ86+AV86+AZ86 -> 16 | Q86: =V86+Z86+AE86+AI86+AN86+AR86+AW86+BA86 -> 34 | R86: =W86+AA86+AF86+AJ86+AO86+AS86+AX86+BB86 -> 58 | AT86: 3 | AU86: 3 | AV86: 16 | AW86: 34 | AX86: 58
A87: Б.1.2.2.3.3. | B87: Микросервисная архитектура | C87: ДАД | D87: =VLOOKUP(B87,'Матрица компетенций'!$A$4:$C$66,3,FALSE) -> ПКП-6 | E87: 7 | J87: 7 | M87: =N87/36 -> 3 | N87: =O87+R87 -> 108 | O87: =P87+Q87 -> 50 | P87: =U87+Y87+AD87+AH87+AM87+AQ87+AV87+AZ87 -> 16 | Q87: =V87+Z87+AE87+AI87+AN87+AR87+AW87+BA87 -> 34 | R87: =W87+AA87+AF87+AJ87+AO87+AS87+AX87+BB87 -> 58 | AT87: 3 | AU87: 3 | AV87: 16 | AW87: 34 | AX87: 58
A88: Б.2. | B88: Блок 2. Практика, в том числе научно-исследовательская работа (НИР) | M88: =M89+M91+M94 -> 24 | N88: =N89+N91+N94 -> 0 | O88: =O89+O91+O94 -> 0 | P88: =P89+P91+P94 -> 0 | Q88: =Q89+Q91+Q94 -> 0 | R88: =R89+R91+R94 -> 0 | S88: =S89+S91+S94 -> 0 | T88: =T89+T91+T94 -> 0 | ... BB88: =BB89+BB91+BB94 -> 0
A89: Б.2.1. | B89: Учебная практика | C89: ДАД | D89: =VLOOKUP(B89,'Матрица компетенций'!$A$4:$C$66,3,FALSE) -> УК-1, УК-12, ПКН-5, ПКН-6, ПКП-3 | F89: 8 | M89: 6 | AT89: 6
A90: Б.2.1.1. | B90: Учебная практика: технологическая (проектно- технологическая) практика | C90: ДАД | M90: 6
B91: Производственная практика | C91: ДАД | D91: =VLOOKUP(B91,'Матрица компетенций'!$A$4:$C$66,3,FALSE) -> УК-1, УК-12, ПКН-2, ПКН-4, ПКП-1, ПКП-2, ПКП-4, ПКП-5, ПКП-6 | F91: 8 | M91: 15 | AT91: 15
B92: Производственная практика: технологическая (проектно-технологическая) практика | C92: ДАД | M92: 12
B93: Производственная практика: преддипломная практика | C93: ДАД | M93: 3
B94: Научно исследовательская работа | C94: ДАД | D94: =VLOOKUP(B94,'Матрица компетенций'!$A$4:$C$66,3,FALSE) -> ПКН-1, ПКН-3, ПКП-1, ПКП-2, ПКП-3, ПКП-4, ПКП-5, ПКП-6 | F94: 2,4,6 | M94: 3 | AB94: 1 | AK94: 1 | AT94: 1
A95: Б.3. | B95: Блок 3. Государственная итоговая аттестация | M95: 9 | AT95: 9
A96: Б.3.1. | B96: Подготовка к сдаче и сдача государственного экзамена | C96: ДАД | M96: 3 | AT96: 3
A97: Б.3.2. | B97: Подготовка к процедуре защиты ии процедура защиты выпускной квалификационной работы | C97: ДАД | M97: 6 | AT97: 6
B98: ИТОГО | M98: =M14+M88+M95 -> 240 | N98: =N14+N88+N95 -> 6732 | O98: =O14+O88+O95 -> 2636 | P98: =P14+P88+P95 -> 728 | Q98: =Q14+Q88+Q95 -> 1908 | R98: =R14+R88+R95 -> 4096 | S98: =S14+S88+S95 -> 61 | T98: =T14+T88+T95 -> 32 | ... BB98: =BB14+BB88+BB95 -> 0
A99: Б.4. | B99: Элективные дисциплины по физической культуре и спорту | C99: Физв | D99: УК-7 | N99: 328 | O99: 306 | Q99: 306 | R99: 22 | X99: 4 | Z99: 68 | AC99: 4 | AE99: 68 | AG99: 4 | AI99: 68 | AL99: 4 | AN99: 68 | AP99: 2 | AR99: 34 | AS99: 22
A100: Б.5. | B100: Факультативы
A102: *максимальный объем аудиторных учебных занятий в неделю при освоении программ бакалавриата в очной форме обучения составляет в среднем за курс обучения не более 27 академических часов.
A103: Учебно-научный семинар/проект в рамках Научно-исследовательской работы проводится с 1 по 4 семестры, исходя из 10 ч. аудиторной нагрузки (4 ч. лекций, 6 ч. семинаров) на 1 курсе и 20 ч. аудиторной нагрзки (8 ч. лекций, 12 ч. семинаров) на 2 курсе с зачетами в 2 и 4 семестрах. Конкретный перечень компетенций, формируемых и проверяемых в ходе государственной итоговой аттестации, содержится в программе государственной итоговой аттестации. | B103: * лекционные занятия по этим дисциплинам возможно проводить с использованием дистанционных образовательных технологий
...

Sheet Матрица компетенций
A1: МАТРИЦА КОМПЕТЕНЦИЙ
D2: УК-1 | E2: УК-2 | F2: УК-3 | G2: УК-4 | H2: УК-5 | I2: УК-6 | J2: УК-7 | K2: УК-8 | L2: УК-9 | M2: УК-10 | N2: УК-11 | O2: УК-12 | P2: УК-13 | Q2: УК-14 | R2: УК-15 | S2: ПКН-1 | T2: ПКН-2 | U2: ПКН-3 | V2: ПКН-4 | W2: ПКН-5 | X2: ПКН-6 | Y2: ПКП-1 | Z2: ПКП-2 | AA2: ПКП-3 | AB2: ПКП-4 | AC2: ПКП-5 | AD2: ПКП-6
D3: =COUNTA(D4:D44) -> 3 | E3: =COUNTA(E4:E44) -> 2 | F3: =COUNTA(F4:F44) -> 3 | G3: =COUNTA(G4:G44) -> 1 | H3: =COUNTA(H4:H44) -> 1 | I3: =COUNTA(I4:I44) -> 1 | J3: =COUNTA(J4:J44) -> 1 | K3: =COUNTA(K4:K44) -> 1 | ... AD3: =COUNTA(AD4:AD44) -> 1
A4: Финансовый университет:история и современность | B4: =COUNTA(D4:AD4) -> 1 | C4: =IFERROR(__xludf.DUMMYFUNCTION("TEXTJOIN("", "", 1, FILTER($D$2:$AD$2, D4:AD4=1))"),"УК-1") -> УК-1 | D4: 1
A5: История России | B5: =COUNTA(D5:AD5) -> 2 | C5: =IFERROR(__xludf.DUMMYFUNCTION("TEXTJOIN("", "", 1, FILTER($D$2:$AD$2, D5:AD5=1))"),"УК-1, УК-15") -> УК-1, УК-15 | D5: 1 | R5: 1
A6: Безопасность жизнедеятельности | B6: =COUNTA(D6:AD6) -> 1 | C6: =IFERROR(__xludf.DUMMYFUNCTION("TEXTJOIN("", "", 1, FILTER($D$2:$AD$2, D6:AD6=1))"),"УК-7") -> УК-7 | J6: 1
A7: Физическая культура и спорт | B7: =COUNTA(D7:AD7) -> 1 | C7: =IFERROR(__xludf.DUMMYFUNCTION("TEXTJOIN("", "", 1, FILTER($D$2:$AD$2, D7:AD7=1))"),"УК-6") -> УК-6 | I7: 1
A8: Иностранный язык | B8: =COUNTA(D8:AD8) -> 1 | C8: =IFERROR(__xludf.DUMMYFUNCTION("TEXTJOIN("", "", 1, FILTER($D$2:$AD$2, D8:AD8=1))"),"УК-3") -> УК-3 | F8: 1
A9: Иностранный язык в профессиональной сфере | B9: =COUNTA(D9:AD9) -> 2 | C9: =IFERROR(__xludf.DUMMYFUNCTION("TEXTJOIN("", "", 1, FILTER($D$2:$AD$2, D9:AD9=1))"),"УК-2, УК-3") -> УК-2, УК-3 | E9: 1 | F9: 1
A10: Философия | B10: =COUNTA(D10:AD10) -> 2 | C10: =IFERROR(__xludf.DUMMYFUNCTION("TEXTJOIN("", "", 1, FILTER($D$2:$AD$2, D10:AD10=1))"),"УК-1, УК-9") -> УК-1, УК-9 | D10: 1 | L10: 1
A11: Информационное право | B11: =COUNTA(D11:AD11) -> 2 | C11: =IFERROR(__xludf.DUMMYFUNCTION("TEXTJOIN("", "", 1, FILTER($D$2:$AD$2, D11:AD11=1))"),"УК-5, УК-14") -> УК-5, УК-14 | H11: 1 | Q11: 1
A12: Основы деловой и публичной коммуникации | B12: =COUNTA(D12:AD12) -> 3 | C12: =IFERROR(__xludf.DUMMYFUNCTION("TEXTJOIN("", "", 1, FILTER($D$2:$AD$2, D12:AD12=1))"),"УК-2, УК-3, УК-11") -> УК-2, УК-3, УК-11 | E12: 1 | F12: 1 | N12: 1
A13: Введение в специальность | B13: =COUNTA(D13:AD13) -> 3 | C13: =IFERROR(__xludf.DUMMYFUNCTION("TEXTJOIN("", "", 1, FILTER($D$2:$AD$2, D13:AD13=1))"),"УК-8, ПКН-3, ПКН-6") -> УК-8, ПКН-3, ПКН-6 | K13: 1 | U13: 1 | X13: 1
A14: Теория вероятностей и математическая статистика | B14: =COUNTA(D14:AD14) -> 2 | C14: =IFERROR(__xludf.DUMMYFUNCTION("TEXTJOIN("", "", 1, FILTER($D$2:$AD$2, D14:AD14=1))"),"ПКН-1, ПКН-2") -> ПКН-1, ПКН-2 | S14: 1 | T14: 1
A15: Алгоритмы и структуры данных в языке Python* | B15: =COUNTA(D15:AD15) -> 2 | C15: =IFERROR(__xludf.DUMMYFUNCTION("TEXTJOIN("", "", 1, FILTER($D$2:$AD$2, D15:AD15=1))"),"ПКН-2, ПКН-4") -> ПКН-2, ПКН-4 | T15: 1 | V15: 1
A16: Практикум по программированию | B16: =COUNTA(D16:AD16) -> 2 | C16: =IFERROR(__xludf.DUMMYFUNCTION("TEXTJOIN("", "", 1, FILTER($D$2:$AD$2, D16:AD16=1))"),"УК-10, ПКН-4") -> УК-10, ПКН-4 | M16: 1 | V16: 1
A17: Дискретная математика | B17: =COUNTA(D17:AD17) -> 1 | C17: =IFERROR(__xludf.DUMMYFUNCTION("TEXTJOIN("", "", 1, FILTER($D$2:$AD$2, D17:AD17=1))"),"ПКН-1") -> ПКН-1 | S17: 1
A18: Системы управления базами данных* | B18: =COUNTA(D18:AD18) -> 2 | C18: =IFERROR(__xludf.DUMMYFUNCTION("TEXTJOIN("", "", 1, FILTER($D$2:$AD$2, D18:AD18=1))"),"ПКН-4, ПКН-5") -> ПКН-4, ПКН-5 | V18: 1 | W18: 1
A19: Экономическая теория | B19: =COUNTA(D19:X19) -> 1 | C19: =IFERROR(__xludf.DUMMYFUNCTION("TEXTJOIN("", "", 1, FILTER($D$2:$AD$2, D19:AD19=1))"),"УК-13") -> УК-13 | P19: 1
A20: Финансы, деньги, кредит | B20: =COUNTA(D20:X20) -> 1 | C20: =IFERROR(__xludf.DUMMYFUNCTION("TEXTJOIN("", "", 1, FILTER($D$2:$AD$2, D20:AD20=1))"),"УК-13") -> УК-13 | P20: 1
A21: Финансовая математика и ее приложения | B21: =COUNTA(D21:X21) -> 1 | C21: =IFERROR(__xludf.DUMMYFUNCTION("TEXTJOIN("", "", 1, FILTER($D$2:$AD$2, D21:AD21=1))"),"УК-12") -> УК-12 | O21: 1
A22: Обработка данных и моделирование в табличном редакторе | B22: =COUNTA(D22:X22) -> 1 | C22: =IFERROR(__xludf.DUMMYFUNCTION("TEXTJOIN("", "", 1, FILTER($D$2:$AD$2, D22:AD22=1))"),"УК-4") -> УК-4 | G22: 1
A23: Математические модели микро- и макроэкономики | B23: =COUNTA(D23:X23) -> 2 | C23: =IFERROR(__xludf.DUMMYFUNCTION("TEXTJOIN("", "", 1, FILTER($D$2:$AD$2, D23:AD23=1))"),"УК-13, ПКН-1") -> УК-13, ПКН-1 | P23: 1 | S23: 1
A24: Машинное обучение | B24: =COUNTA(D24:X24) -> 1 | C24: =IFERROR(__xludf.DUMMYFUNCTION("TEXTJOIN("", "", 1, FILTER($D$2:$AD$2, D24:AD24=1))"),"ПКН-2") -> ПКН-2 | T24: 1
A25: Технологии обработки данных | B25: =COUNTA(D25:X25) -> 1 | C25: =IFERROR(__xludf.DUMMYFUNCTION("TEXTJOIN("", "", 1, FILTER($D$2:$AD$2, D25:AD25=1))"),"ПКН-2") -> ПКН-2 | T25: 1
A26: Алгебра и геометрия | B26: =COUNTA(D26:X26) -> 1 | C26: =IFERROR(__xludf.DUMMYFUNCTION("TEXTJOIN("", "", 1, FILTER($D$2:$AD$2, D26:AD26=1))"),"ПКН-2") -> ПКН-2 | T26: 1
A27: Математический анализ | B27: =COUNTA(D27:X27) -> 1 | C27: =IFERROR(__xludf.DUMMYFUNCTION("TEXTJOIN("", "", 1, FILTER($D$2:$AD$2, D27:AD27=1))"),"ПКН-2") -> ПКН-2 | T27: 1
A28: Дифференциальные уравнения | B28: =COUNTA(D28:X28) -> 1 | C28: =IFERROR(__xludf.DUMMYFUNCTION("TEXTJOIN("", "", 1, FILTER($D$2:$AD$2, D28:AD28=1))"),"ПКН-1") -> ПКН-1 | S28: 1
A29: Функциональный анализ | B29: =COUNTA(D29:X29) -> 1 | C29: =IFERROR(__xludf.DUMMYFUNCTION("TEXTJOIN("", "", 1, FILTER($D$2:$AD$2, D29:AD29=1))"),"ПКН-1") -> ПКН-1 | S29: 1
A30: Численные методы | B30: =COUNTA(D30:X30) -> 1 | C30: =IFERROR(__xludf.DUMMYFUNCTION("TEXTJOIN("", "", 1, FILTER($D$2:$AD$2, D30:AD30=1))"),"ПКН-1") -> ПКН-1 | S30: 1
A31: Математическое и имитационное моделирование | B31: =COUNTA(D31:X31) -> 1 | C31: =IFERROR(__xludf.DUMMYFUNCTION("TEXTJOIN("", "", 1, FILTER($D$2:$AD$2, D31:AD31=1))"),"ПКН-2") -> ПКН-2 | T31: 1
A32: Эконометрика | B32: =COUNTA(D32:X32) -> 1 | C32: =IFERROR(__xludf.DUMMYFUNCTION("TEXTJOIN("", "", 1, FILTER($D$2:$AD$2, D32:AD32=1))"),"ПКН-1") -> ПКН-1 | S32: 1
A33: Современные банковские продукты и услуги | B33: =COUNTA(D33:X33) -> 1 | C33: =IFERROR(__xludf.DUMMYFUNCTION("TEXTJOIN("", "", 1, FILTER($D$2:$AD$2, D33:AD33=1))"),"ПКН-6") -> ПКН-6 | X33: 1
A34: Технологии обработки больших данных | B34: =COUNTA(D34:X34) -> 1 | C34: =IFERROR(__xludf.DUMMYFUNCTION("TEXTJOIN("", "", 1, FILTER($D$2:$AD$2, D34:AD34=1))"),"ПКН-4") -> ПКН-4 | V34: 1
A35: Глубокое обучение | B35: =COUNTA(Y35:AD35) -> 2 | C35: =IFERROR(__xludf.DUMMYFUNCTION("TEXTJOIN("", "", 1, FILTER($D$2:$AD$2, D35:AD35=1))"),"ПКП-1, ПКП-5") -> ПКП-1, ПКП-5 | Y35: 1 | AC35: 1
A36: Обработка текстов на естественных языках | B36: =COUNTA(Y36:AD36) -> 2 | C36: =IFERROR(__xludf.DUMMYFUNCTION("TEXTJOIN("", "", 1, FILTER($D$2:$AD$2, D36:AD36=1))"),"ПКП-1, ПКП-5") -> ПКП-1, ПКП-5 | Y36: 1 | AC36: 1
A37: Рекомендательные системы и коллаборативная фильтрация | B37: =COUNTA(Y37:AD37) -> 1 | C37: =IFERROR(__xludf.DUMMYFUNCTION("TEXTJOIN("", "", 1, FILTER($D$2:$AD$2, D37:AD37=1))"),"ПКП-2") -> ПКП-2 | Z37: 1
A38: Семантические технологии | B38: =COUNTA(Y38:AD38) -> 1 | C38: =IFERROR(__xludf.DUMMYFUNCTION("TEXTJOIN("", "", 1, FILTER($D$2:$AD$2, D38:AD38=1))"),"ПКП-3") -> ПКП-3 | AA38: 1
A39: Прикладные задачи машинного обучения | B39: =COUNTA(Y39:AD39) -> 2 | C39: =IFERROR(__xludf.DUMMYFUNCTION("TEXTJOIN("", "", 1, FILTER($D$2:$AD$2, D39:AD39=1))"),"ПКП-1, ПКП-6") -> ПКП-1, ПКП-6 | Y39: 1 | AD39: 1
A40: Машинное зрение | B40: =COUNTA(Y40:AD40) -> 1 | C40: =IFERROR(__xludf.DUMMYFUNCTION("TEXTJOIN("", "", 1, FILTER($D$2:$AD$2, D40:AD40=1))"),"ПКП-1") -> ПКП-1 | Y40: 1
A41: Машинное обучение в семантическом и сетевом анализе | B41: =COUNTA(Y41:AD41) -> 1 | C41: =IFERROR(__xludf.DUMMYFUNCTION("TEXTJOIN("", "", 1, FILTER($D$2:$AD$2, D41:AD41=1))"),"ПКП-2") -> ПКП-2 | Z41: 1
A42: Методы оптимизации | B42: =COUNTA(Y42:AD42) -> 1 | C42: =IFERROR(__xludf.DUMMYFUNCTION("TEXTJOIN("", "", 1, FILTER($D$2:$AD$2, D42:AD42=1))"),"ПКП-4") -> ПКП-4 | AB42: 1
A43: Электронные деньги | B43: =COUNTA(Y43:AD43) -> 1 | C43: =IFERROR(__xludf.DUMMYFUNCTION("TEXTJOIN("", "", 1, FILTER($D$2:$AD$2, D43:AD43=1))"),"ПКП-2") -> ПКП-2 | Z43: 1
A44: Технологии работы с открытыми данными | B44: =COUNTA(Y44:AD44) -> 2 | C44: =IFERROR(__xludf.DUMMYFUNCTION("TEXTJOIN("", "", 1, FILTER($D$2:$AD$2, D44:AD44=1))"),"ПКП-1, ПКП-3") -> ПКП-1, ПКП-3 | Y44: 1 | AA44: 1
A45: Основы веб-разработки | B45: =COUNTA(Y45:AD45) -> 1 | C45: =IFERROR(__xludf.DUMMYFUNCTION("TEXTJOIN("", "", 1, FILTER($D$2:$AD$2, D45:AD45=1))"),"ПКП-6") -> ПКП-6 | AD45: 1
A46: Объектно-ориентированное проектирование | B46: =COUNTA(Y46:AD46) -> 1 | C46: =IFERROR(__xludf.DUMMYFUNCTION("TEXTJOIN("", "", 1, FILTER($D$2:$AD$2, D46:AD46=1))"),"ПКП-6") -> ПКП-6 | AD46: 1
A47: Основы мобильной разработки | B47: =COUNTA(Y47:AD47) -> 1 | C47: =IFERROR(__xludf.DUMMYFUNCTION("TEXTJOIN("", "", 1, FILTER($D$2:$AD$2, D47:AD47=1))"),"ПКП-6") -> ПКП-6 | AD47: 1
A48: Основы корпоративных информационных систем | B48: =COUNTA(Y48:AD48) -> 1 | C48: =IFERROR(__xludf.DUMMYFUNCTION("TEXTJOIN("", "", 1, FILTER($D$2:$AD$2, D48:AD48=1))"),"ПКП-6") -> ПКП-6 | AD48: 1
A49: Основы бухгалтерских информационных систем | B49: =COUNTA(Y49:AD49) -> 1 | C49: =IFERROR(__xludf.DUMMYFUNCTION("TEXTJOIN("", "", 1, FILTER($D$2:$AD$2, D49:AD49=1))"),"ПКП-6") -> ПКП-6 | AD49: 1
A50: Разработка приложений в системе 1С Предприятие | B50: =COUNTA(Y50:AD50) -> 1 | C50: =IFERROR(__xludf.DUMMYFUNCTION("TEXTJOIN("", "", 1, FILTER($D$2:$AD$2, D50:AD50=1))"),"ПКП-6") -> ПКП-6 | AD50: 1
A51: Разработка эффективных вычислительных алгоритмов | B51: =COUNTA(Y51:AD51) -> 1 | C51: =IFERROR(__xludf.DUMMYFUNCTION("TEXTJOIN("", "", 1, FILTER($D$2:$AD$2, D51:AD51=1))"),"ПКП-6") -> ПКП-6 | AD51: 1
A52: Низкоуровневое программирование | B52: =COUNTA(Y52:AD52) -> 1 | C52: =IFERROR(__xludf.DUMMYFUNCTION("TEXTJOIN("", "", 1, FILTER($D$2:$AD$2, D52:AD52=1))"),"ПКП-6") -> ПКП-6 | AD52: 1
A53: Программирование для встраиваемых систем | B53: =COUNTA(Y53:AD53) -> 1 | C53: =IFERROR(__xludf.DUMMYFUNCTION("TEXTJOIN("", "", 1, FILTER($D$2:$AD$2, D53:AD53=1))"),"ПКП-6") -> ПКП-6 | AD53: 1
A54: Основы проектирования информационных систем | B54: =COUNTA(Y54:AD54) -> 1 | C54: =IFERROR(__xludf.DUMMYFUNCTION("TEXTJOIN("", "", 1, FILTER($D$2:$AD$2, D54:AD54=1))"),"ПКП-6") -> ПКП-6 | AD54: 1
A55: Архитектура и дизайн программного обеспечения | B55: =COUNTA(Y55:AD55) -> 1 | C55: =IFERROR(__xludf.DUMMYFUNCTION("TEXTJOIN("", "", 1, FILTER($D$2:$AD$2, D55:AD55=1))"),"ПКП-6") -> ПКП-6 | AD55: 1
A56: Тестирование программного обеспечения | B56: =COUNTA(Y56:AD56) -> 1 | C56: =IFERROR(__xludf.DUMMYFUNCTION("TEXTJOIN("", "", 1, FILTER($D$2:$AD$2, D56:AD56=1))"),"ПКП-6") -> ПКП-6 | AD56: 1
A57: Методы визуализации данных | B57: =COUNTA(Y57:AD57) -> 1 | C57: =IFERROR(__xludf.DUMMYFUNCTION("TEXTJOIN("", "", 1, FILTER($D$2:$AD$2, D57:AD57=1))"),"ПКП-6") -> ПКП-6 | AD57: 1
A58: Основы численных методов | B58: =COUNTA(Y58:AD58) -> 1 | C58: =IFERROR(__xludf.DUMMYFUNCTION("TEXTJOIN("", "", 1, FILTER($D$2:$AD$2, D58:AD58=1))"),"ПКП-6") -> ПКП-6 | AD58: 1
A59: Основы математического моделирования | B59: =COUNTA(Y59:AD59) -> 1 | C59: =IFERROR(__xludf.DUMMYFUNCTION("TEXTJOIN("", "", 1, FILTER($D$2:$AD$2, D59:AD59=1))"),"ПКП-6") -> ПКП-6 | AD59: 1
A60: Технологии параллельного программирования | B60: =COUNTA(Y60:AD60) -> 1 | C60: =IFERROR(__xludf.DUMMYFUNCTION("TEXTJOIN("", "", 1, FILTER($D$2:$AD$2, D60:AD60=1))"),"ПКП-6") -> ПКП-6 | AD60: 1
A61: Основы технологии интернета вещей | B61: =COUNTA(Y61:AD61) -> 1 | C61: =IFERROR(__xludf.DUMMYFUNCTION("TEXTJOIN("", "", 1, FILTER($D$2:$AD$2, D61:AD61=1))"),"ПКП-6") -> ПКП-6 | AD61: 1
A62: Микросервисная архитектура | B62: =COUNTA(Y62:AD62) -> 1 | C62: =IFERROR(__xludf.DUMMYFUNCTION("TEXTJOIN("", "", 1, FILTER($D$2:$AD$2, D62:AD62=1))"),"ПКП-6") -> ПКП-6 | AD62: 1
A63: Учебная практика | B63: =COUNTA(D63:AD63) -> 5 | C63: =IFERROR(__xludf.DUMMYFUNCTION("TEXTJOIN("", "", 1, FILTER($D$2:$AD$2, D63:AD63=1))"),"УК-1, УК-12, ПКН-5, ПКН-6, ПКП-3") -> УК-1, УК-12, ПКН-5, ПКН-6, ПКП-3 | D63: 1 | O63: 1 | W63: 1 | X63: 1 | AA63: 1
A64: Производственная практика | B64: =COUNTA(D64:AD64) -> 9 | C64: =IFERROR(__xludf.DUMMYFUNCTION("TEXTJOIN("", "", 1, FILTER($D$2:$AD$2, D64:AD64=1))"),"УК-1, УК-12, ПКН-2, ПКН-4, ПКП-1, ПКП-2, ПКП-4, ПКП-5, ПКП-6") -> УК-1, УК-12, ПКН-2, ПКН-4, ПКП-1, ПКП-2, ПКП-4, ПКП-5, ПКП-6 | D64: 1 | O64: 1 | T64: 1 | V64: 1 | Y64: 1 | Z64: 1 | AB64: 1 | AC64: 1 | AD64: 1
A65: Научно исследовательская работа | B65: =COUNTA(D65:AD65) -> 8 | C65: =IFERROR(__xludf.DUMMYFUNCTION("TEXTJOIN("", "", 1, FILTER($D$2:$AD$2, D65:AD65=1))"),"ПКН-1, ПКН-3, ПКП-1, ПКП-2, ПКП-3, ПКП-4, ПКП-5, ПКП-6") -> ПКН-1, ПКН-3, ПКП-1, ПКП-2, ПКП-3, ПКП-4, ПКП-5, ПКП-6 | S65: 1 | U65: 1 | Y65: 1 | Z65: 1 | AA65: 1 | AB65: 1 | AC65: 1 | AD65: 1
A66: Подготовка к сдаче и сдача государственного экзамена | B66: =COUNTA(D66:AD66) -> 0 | C66: =IFERROR(__xludf.DUMMYFUNCTION("TEXTJOIN("", "", 1, FILTER($D$2:$AD$2, D66:AD66=1))"),"#N/A") -> #N/A
A67: Выполнение и защита выпускной квалификационной работы | B67: =COUNTA(D67:AD67) -> 0 | C67: =IFERROR(__xludf.DUMMYFUNCTION("TEXTJOIN("", "", 1, FILTER($D$2:$AD$2, D67:AD67=1))"),"#N/A") -> #N/A
A68: Элективные дисциплины по физической культуре и спорту | B68: =COUNTA(D68:AD68) -> 1 | C68: {=TEXTJOIN(", ", 1, _xlws.FILTER($D$2:$AD$2, D68:AD68=1, ""))} -> #NAME? | Q68: 1

Sheet Описания компетенций
A1: ОПИСАНИЯ КОМПЕТЕНЦИЙ
A2: Имя | B2: Описание | D2: Год
A3: УК-1 | B3: Способность к восприятию межкультурного разнообразия общества, в социально-историческом, этическом и философских контекстах, анализу и мировоззренческой оценке происходящих процессов и закономерностей | D3: 2022
A4: УК-2 | B4: Способность применять нормы государственного языка Российской Федерации в устной и письменной речи в процессе личной и профессиональной коммуникаций | D4: 2022
A5: УК-3 | B5: Способность применять знания иностранного языка на уровне, достаточном для межличностного общения, учебной и профессиональной деятельности | D5: 2022
A6: УК-4 | B6: Способность использовать прикладное программное обеспечение при решении профессиональных задач | D6: 2022
A7: УК-5 | B7: Способность использовать основы правовых знаний в различных сферах деятельности | D7: 2022
A8: УК-6 | B8: Способность применять методы физической культуры для обеспечения полноценной социальной и профессиональной деятельности | D8: 2022
A9: УК-7 | B9: Способность создавать и поддерживать безопасные условия жизнедеятельности для сохранения природной среды, обеспечения устойчивого развития общества, владеть основными методами защиты от возможных последствий аварий, катастроф, стихийных бедствий и военных конфликтов | D9: 2022
A10: УК-8 | B10: Способность и готовность к самоорганизации, продолжению образования, к самообразованию на основе принципов образования в течение всей жизни | D10: 2022
A11: УК-9 | B11: Способность к индивидуальной и командной работе, социальному взаимодействию, соблюдению этических норм в межличностном профессиональном общении | D11: 2022
A12: УК-10 | B12: Способность осуществлять поиск, критически анализировать, обобщать и систематизировать информацию, использовать системный подход для решения поставленных задач | D12: 2022
A13: УК-11 | B13: Способность к постановке целей и задач исследований, выбору оптимальных путей и методов их достижения | D13: 2022
A14: УК-12 | B14: Способность использовать базовые дефектологические знания в социальной и профессиональной сферах | D14: 2022
... A29: ПКП-6 | B29: Способность выполнять сборку модулей и компонент программной реализации моделей машинного обучения и развертывания реализации моделей машинного обучения | D29: 2022
